x,y_w,y_l
Explain the concept of competitive exclusion in ecology.,,
Give me advice on relationships.,,
Analyze the film 'Parasite'. What are its main themes?,,
How do I make a website?,,
Explain loop quantum gravity.,,
Explain genetic inheritance.,,
Translate this literary criticism into Spanish.,,
What are some ways to prepare for a disaster?,,
Rewrite this card game description for kids.,,
Rewrite this sales content to sound more professional: [insert sales content here],,
Explain how sports work.,,
Explain cognitive neuroscience.,,
Explain the ethical issues in gene editing.,,
Explain chaos theory.,,
Explain embodied cognition.,,
Explain theoretical ecology.,,
How do I copy and paste something on a computer?,,
"Translate these cooking techniques into Spanish: Sauté, Braise, Grill.",,
Translate this VR text: 'The quick brown fox jumps over the lazy dog.',,
Explain evolutionary biology.,,
How can I improve my relationship?,,
How can I predict protein folding?,,
How effective is quality control?,,
Explain how to tell time.,,
Explain how the advertising strategies code works.,,
Explain the impact of quantitative easing on the economy.,,
"Analyze this dataset and tell me what you find. The dataset contains information about customer purchases, including purchase amount, date, and customer demographics.",,
Explain quantum cryptography.,,
Write a program to calculate the Gibbs free energy change for a chemical reaction.,,
How can we conserve biodiversity?,,
What are some ways to deal with climate change?,,
Explain how to make jokes.,,
"Translate this AR document to Spanish: ""Show me how to assemble this virtual bookshelf.""",,
Explain philosophical theories.,,
How can neural circuits be manipulated?,,
Explain how to model population dynamics in an ecosystem.,,
Write a function to find prime numbers.,,
Explain this evolutionary biology code.,,
Explain String Theory.,,
Write a program to solve a combinatorial optimization problem.,,
Explain the code for seasons of the year.,,
Explain physical chemistry.,,
Explain advanced economics.,,
What are some ways to analyze a film?,,
How do I do synthetic biology?,,
How do you make friends?,,
Explain measure theory.,,
"Translate this into Spanish: Habitat restoration is the process of assisting the recovery of a degraded, damaged, or destroyed ecosystem.",,
Explain data visualization.,,
Summarize the conflict resolution text.,,
Explain advanced game theory.,,
Explain SN1 reactions.,,
Explain the concept of cognitive dissonance.,,
Explain augmented reality.,,
Explain organic chemistry.,,
Explain how a climate model works.,,
Write a function to collect leaves.,,
What are some ways to visualize sales data?,,
How can I manage my time better?,,
Explain biochemistry.,,
Explain political systems simply.,,
Explain content marketing.,,
Explain arithmetic.,,
Make this soil science text more engaging.,,
Describe the counting numbers codebase.,,
Explain measure theory code.,,
Explain string theory.,,
How do you tell time?,,
Write code to resolve conflicts.,,
Translate this digital marketing document to Spanish.,,
Write a paper about how the brain processes emotions.,,
Explain the difference between saving and investing.,,
Explain jokes.,,
Explain advanced mathematical concepts.,,
Explain inorganic chemistry.,,
Describe the structure of the digital marketing codebase.,,
Explain how a blockchain works.,,
"Rewrite this recipe for a different audience: Ingredients: 1 cup flour, 1/2 cup sugar, 1/4 cup butter, 1 egg. Instructions: Mix ingredients, bake at 350 for 20 minutes.",,
"Translate these modes of transportation to Spanish: car, bus, train.",,
Explain the cognitive neuroscience of decision-making.,,
Explain network security.,,
Explain the water cycle.,,
Explain how genetic traits are passed down from parents to offspring.,,
Explain simple science experiments.,,
Explain the code for my home garden project.,,
Explain how this code works for coloring techniques.,,
How should I design an algorithm?,,
Explain how organic chemistry code works.,,
Write a program to feed birds.,,
Explain gravitational wave astronomy.,,
Write code for a quantum computer.,,
Explain the different parts of a molecular dynamics code.,,
Translate this CRISPR gene editing content to Spanish.,,
Write instructions for using classroom objects.,,
Explain differential geometry.,,
Explain the different parts of this code:,,
"Group these traffic signs: stop sign, yield sign, pedestrian crossing, school zone, speed limit sign.",,
How can I be a better team leader?,,
Explain the bias-variance tradeoff.,,
How can I improve my website's SEO?,,
What are the steps involved in forest management?,,
Describe the structure of a sociology concepts codebase.,,
Explain how a Kalman filter works.,,
Explain causal set theory.,,
"Translate the following dinosaur types into Spanish: Tyrannosaurus Rex, Triceratops, Velociraptor.",,
Explain quantum algorithms.,,
Translate this document about blockchain technology.,,
How do I copy and paste?,,
Write about garden tools.,,
What are the steps for market research?,,
"Analyze this dataset and tell me something interesting: [1, 2, 3, 4, 5, 6, 7, 8, 9, 10]",,
Explain constructivism.,,
"Translate these economic principles into Spanish: Supply and demand, opportunity cost, inflation.",,
Explain the steps involved in the Haber-Bosch process.,,
How does this air quality algorithm work?,,
"Translate this operations research text: ""Consider a linear programming problem with the objective function to maximize z = 3x1 + 2x2, subject to the constraints x1 + x2 ≤ 4, 2x1 + x2 ≤ 5, x1, x2 ≥ 0.""",,
What are some ways to improve nutrition in a school cafeteria?,,
Write a function that performs metagenomics analysis.,,
Translate the following text to Spanish: Habitat restoration is important.,,
Translate this network security document to Spanish.,,
Explain evolution.,,
Explain community helpers.,,
Explain differential geometry.,,
Write a function to sort a list of numbers.,,
Write about creative writing.,,
Describe the structure of the philosophical theories codebase.,,
Write a function that simulates a marine ecosystem.,,
Explain climate change.,,
Explain machine learning.,,
How do I negotiate?,,
Write a tutorial on team leadership.,,
Explain how this population genetics code works.,,
How do I copy and paste?,,
Explain extended mind theory.,,
Translate the following car maintenance information into Spanish: 'Check engine oil level regularly.',,
"Make this more engaging: ""The coral reefs are marine ecosystems characterized by high biodiversity. They are formed from colonies of coral polyps held together by calcium carbonate. Coral reefs are found in tropical and subtropical oceans.""",,
Explain game theory.,,
How can neural circuits be manipulated?,,
How do I change my car's oil?,,
Explain this Python code that visualizes data.,,
Explain the different parts of this evolutionary game theory code.,,
"Group these interior design elements: sofa, lamp, rug, paint, curtains, coffee table.",,
Explain blockchain technology.,,
Write code to simulate epigenetic changes in a cell.,,
How do I take better photos?,,
Explain molecular dynamics simulation.,,
Translate this organic chemistry text.,,
"Translate this into Spanish: 'Effective time management allows you to accomplish more in less time, which leads to more free time, reduces stress, and helps you focus.'",,
Explain quantum entanglement.,,
Translate this text about cellular processes into Spanish.,,
Explain the five senses.,,
Explain the history of the world.,,
"Translate this into Spanish: ""Dig a deep moat around your sandcastle to protect it from the incoming tide.""",,
Write code to implement team leadership.,,
Translate this into Spanish: 'Emergency services are responding to a large fire in the downtown area. Please avoid the area if possible.',,
Explain this habitat restoration code.,,
How can I improve network security?,,
Explain algorithm design.,,
Explain weather patterns.,,
How do you fold paper?,,
Explain the following code related to economic principles.,,
Explain evolution.,,
Explain machine learning.,,
How can I develop my career?,,
How does plant growth compare to other things?,,
Rewrite this text about board games for kids.,,
Explain quantum computing.,,
Explain how genetic traits are passed down from parents to offspring.,,
How do I make friends?,,
Explain molecular biology.,,
Write a tutorial on ecosystem services.,,
Translate this statistical analysis text into simpler terms.,,
Write a quantum machine learning function.,,
How can operations research be applied to improve a supply chain?,,
Explain cognitive biases.,,
Explain exercise physiology.,,
Explain cryptocurrency.,,
How do you rhyme words?,,
Explain advanced game theory.,,
Explain computational complexity theory.,,
Explain supply chain management.,,
Translate this article about time management into Spanish.,,
"Make this mental health content more engaging: ""It's important to take care of your mental health. If you're struggling, reach out for help.""",,
Explain basic nutrition.,,
Explain quantum entanglement.,,
How do I clean my house?,,
Explain blockchain.,,
What are some ways to adapt to climate change?,,
Explain how to solve the puddle jumping problem.,,
How do you ride a bicycle?,,
Explain cryptographic protocols.,,
Explain the Diffie-Hellman key exchange.,,
Analyze the sales data and tell me what you find.,,
Explain quantum cryptography.,,
Explain number theory.,,
Explain machine learning.,,
Translate this text about coloring techniques into Spanish.,,
Explain systems biology.,,
Explain the concept of quantum entanglement.,,
Explain constructivism in education.,,
Write a customer service scenario about a complaint.,,
Explain network security.,,
How can I manage stress?,,
Explain M-theory.,,
Write about creative writing methods.,,
Write a function for systems biology.,,
Explain the code.,,
Explain machine learning.,,
How can complex systems theory help understand societal problems?,,
Write a program to simulate genetic inheritance.,,
Explain the concept of chemical potential.,,
Explain musical theory.,,
Explain M-theory in simpler terms.,,
How should a team leader handle a situation where a team member is consistently missing deadlines?,,
Write a simple machine learning algorithm.,,
Rewrite these safety rules to be more engaging.,,
Explain time series analysis.,,
Explain cryptocurrency basics.,,
How do I put on a shirt?,,
How can we improve our product?,,
Explain machine learning.,,
Explain advanced game theory.,,
Help me with financial planning.,,
Translate this financial plan into Spanish.,,
Explain the philosophy of science.,,
Explain economics.,,
Explain quantum error correction.,,
Explain molecular biology.,,
Translate this career development document to Spanish.,,
Explain string theory.,,
Explain this number theory code.,,
Explain climate modeling.,,
Write a program to do math.,,
Describe the structure of a medical procedures codebase.,,
Explain the concept of cognitive dissonance.,,
Write a program to calculate soil properties.,,
Translate this consumer behavior document into Spanish.,,
Explain molecular dynamics simulation.,,
Translate this customer service document to Spanish.,,
Explain cryptocurrency.,,
Explain reinforcement learning.,,
Explain algorithm design.,,
Create a website.,,
How do I make friends?,,
Give me some ideas for renovating my kitchen.,,
How can I be a better public speaker?,,
Write a function that checks if the quality of a product is good.,,
Write code to deploy a simple web application to the cloud.,,
Explain differential geometry.,,
Translate this finger game text.,,
Explain number theory.,,
How does neural circuit manipulation compare to other methods?,,
"Translate this explanation of synthetic biology into Spanish: ""Synthetic biology is a multidisciplinary area of research that seeks to create new biological parts, devices, and systems, or to redesign existing natural biological systems. It's used in various applications, from creating biofuels to developing new drugs.""",,
Explain technical quality control.,,
Explain cellular respiration.,,
Write a function to draw a square.,,
How does this code help biodiversity?,,
Explain machine learning theory.,,
Explain this urban planning algorithm.,,
Explain differential geometry.,,
Describe the microbiome research codebase.,,
Translate this into Spanish: 'The quick brown fox jumps over the lazy dog.',,
Write code for animals.,,
How can I be a better team leader?,,
Explain brand management.,,
How do you play finger games?,,
Explain how a structural biochemistry algorithm works.,,
Explain how virtual reality works.,,
How good are computer vision algorithms?,,
How does this code work for seasons?,,
"Explain this code: `def complex_function(data):
  results = []
  for item in data:
    if item % 2 == 0:
      results.append(item * 2)
    else:
      results.append(item + 1)
  return results`",,
Write a Python script for computational chemistry.,,
Rewrite this analytical methods content to sound more professional.,,
Explain M-theory.,,
"Group these dental care items: toothbrush, floss, mouthwash, toothpaste, dental picks, and tongue scraper.",,
"Sort these climate change related items: sea level rise, deforestation, renewable energy, carbon emissions, extreme weather, sustainable agriculture.",,
Explain measure theory.,,
Explain complex systems theory.,,
Translate this document about stress management into Spanish.,,
How can we conserve biodiversity?,,
How can advanced math be used?,,
How can I secure my network?,,
Explain the concept of 'mise en place'.,,
Explain abstract algebra.,,
How can we improve our brand image?,,
Write a function that maps numbers to their squares.,,
Write a function to cook rice.,,
Compare and contrast the processes of mitosis and meiosis.,,
Explain biochemistry.,,
Explain topological insulators.,,
Translate this text about the extended mind theory into Spanish.,,
Write code for computational chemistry.,,
Explain measure theory.,,
"Group these opposites: up/down, black/white, hot/cold.",,
Translate this document about neural prosthetics into Spanish.,,
Write about counting numbers.,,
Explain evolution.,,
Explain machine learning.,,
Explain epistemology.,,
How do I use virtual reality?,,
"How does this code work?

```python
fruits = [""apple"", ""banana"", ""cherry""]
vegetables = [""carrot"", ""broccoli"", ""spinach""]

for item in fruits:
    print(item)

for item in vegetables:
    print(item)
```",,
Write code to conserve water.,,
Write a function to sort a list of numbers.,,
Explain cognitive dissonance.,,
Explain optogenetics.,,
Explain the concept of dynamic programming.,,
Explain constructivism.,,
How can we count numbers?,,
"Group these quantum computing things: qubits, quantum gates, quantum algorithms, superposition, entanglement, quantum error correction, quantum annealing, quantum simulation.",,
How can I improve my social media?,,
How do you do arithmetic?,,
Write a function to calculate the area of a circle.,,
Explain combinatorial optimization.,,
"Categorize these consumer behaviors: impulse buying, brand loyalty, price sensitivity.",,
"Explain what this code does:

```python
import turtle

pen = turtle.Turtle()

pen.speed(0)
pen.color(""red"")

for i in range(50):
    pen.circle(i*2)
    pen.left(5)

turtle.done()
```",,
What are some ways to conserve water?,,
Explain the difference between supply-side and demand-side economics.,,
Translate this personalized genomics report into Spanish.,,
Rewrite these playground rules to be more fun.,,
"Explain this R code: `summary(lm(y ~ x, data = mydata))`",,
"Rewrite this song to be more interesting: 

Twinkle twinkle little star,
How I wonder what you are.
Up above the world so high,
Like a diamond in the sky.
Twinkle twinkle little star,
How I wonder what you are.",,
Translate this into Spanish: 'Check engine oil level and top up if necessary. Inspect tires for wear and pressure. Examine brake pads for thickness.',,
Write about theoretical ecology.,,
Explain the Internet of Things.,,
"Explain how aperture, shutter speed, and ISO affect a photograph.",,
Describe the structure of the algebraic topology codebase.,,
Explain how this VR code works.,,
Explain natural language processing.,,
Explain how the advertising strategies code works.,,
How can I do quality control?,,
Explain advanced cryptography in an interesting way.,,
How does this fitness algorithm work?,,
How do I design a good user interface?,,
How do plants grow?,,
How do I copy and paste?,,
"Translate these money concepts into Spanish: budget, savings, debt.",,
Explain how a synthetic biology algorithm works.,,
Explain the different parts of this AR code.,,
How can I improve the user experience of my website?,,
Explain the code for breakfast foods.,,
Translate these science experiments into Spanish: 1. Baking soda and vinegar volcano. 2. Growing crystals with borax.,,
Explain advanced game theory.,,
How can I be a better team leader?,,
Explain family relationships.,,
Give me some ideas for urban planning.,,
Explain neighborhood places.,,
"Group these financial things: stocks, rent, bonds, utilities, savings, car payment.",,
How do you cook something?,,
Explain how food affects our bodies.,,
Explain cellular processes.,,
Explain machine learning.,,
What are some ways to make friends?,,
Explain supersymmetry.,,
Explain exercise physiology code.,,
Describe the structure of the biochemistry codebase.,,
Write code for drug discovery.,,
Explain advanced game theory.,,
Explain quantum error correction.,,
"Translate this into Spanish: Fusion energy research aims to replicate the process that powers the sun, using isotopes of hydrogen to create plasma in a reactor. This plasma is heated to extreme temperatures, causing the hydrogen nuclei to fuse and release energy. The goal is to create a sustainable and clean energy source.",,
"Translate this into Spanish: 'Urban planning is the process of designing and managing the physical growth and development of cities, towns, and metropolitan areas.'",,
How effective is forest management?,,
Translate these fashion trends into Spanish: 'Oversized blazers are in this season. Pastel colors are making a comeback. Chunky sneakers are still popular.',,
Explain deep learning architectures.,,
Write a program for biodiversity conservation.,,
Explain functional analysis.,,
Explain web development.,,
Translate this text about nanotechnology applications.,,
What are the steps in this healthy eating algorithm?,,
How do you paint?,,
How do I manage my time better?,,
Explain topological insulators.,,
"Translate this into Spanish: ""Evolution is the change in the heritable characteristics of biological populations over successive generations.""",,
Explain deep learning architectures.,,
Explain measure theory.,,
"Translate the following into Spanish: The five senses are sight, hearing, smell, taste, and touch.",,
Explain the philosophy of science.,,
Explain machine learning.,,
How can I manage stress?,,
Explain quantum field theory.,,
"Translate this IoT data into Spanish: 'Temperature: 25°C, Humidity: 60%, Device Status: Online'.",,
Write code to implement climate change.,,
Explain quantum error correction.,,
What are the steps for functional analysis?,,
Write a speech about climate change.,,
How can I improve my sales techniques?,,
Write some content about marketing.,,
Explain physical chemistry.,,
Explain quantum error correction.,,
Explain the different parts of this AR code.,,
Translate this into Spanish: Clouds are masses of water droplets or ice crystals suspended in the atmosphere.,,
How effective is computational chemistry?,,
Translate this document about political systems into Spanish.,,
"Translate these negotiation skills into Spanish: Active listening, building rapport, identifying needs, offering solutions, handling objections, closing the deal.",,
How can we raise mental health awareness?,,
How do I make a new product?,,
How can I improve network security?,,
Explain water conservation.,,
Translate these safety rules into Spanish: 1. Be careful. 2. Wear safety goggles.,,
How effective are stress management techniques?,,
Explain systems biology.,,
How do I cook rice?,,
Write about activities you can do in the snow.,,
Describe the moral philosophy codebase.,,
Translate this into Spanish: Public speaking is a skill.,,
Explain epigenetic mechanisms.,,
Explain the following code related to disaster preparedness.,,
Explain consumer behavior.,,
Analyze the global economic situation and provide insights.,,
Compare and contrast complex analysis with other mathematical analysis techniques.,,
"Translate these psychology concepts into Spanish: confirmation bias, cognitive dissonance, and the Dunning-Kruger effect.",,
Explain the different sections you might find in a typical academic paper about art history.,,
Write a function to simulate puddle jumping.,,
Explain the concept of chemical kinetics.,,
Explain how a heart transplant works.,,
create a landing page for my new bakery,,
build an inventory management app for my warehouse,,
write a python script to scrape real estate listings,,
design a database schema for an e-commerce store,,
code a simple discord bot that tells daily jokes,,
develop a mobile app mockup for a fitness tracker,,
set up a wordpress site for my freelance portfolio,,
write a react component for a user login form,,
create a browser extension that blocks social media sites,,
build a rest api for a task management system,,
draft a welcome email for new newsletter subscribers,,
write a blog post about the benefits of indoor plants,,
create a 5-day social media content calendar for my cafe,,
summarize this 20-page market research report,,
write a cold outreach message to potential investors,,
draft a press release for our new software launch,,
generate a list of 10 podcast episode ideas about personal finance,,
write a script for a 30-second youtube ad about dog food,,
create a cover letter for a data scientist position,,
write product descriptions for my handmade soap collection,,
develop a go-to-market strategy for a saas startup,,
create a customer feedback survey for my restaurant,,
write a business plan for a mobile dog grooming service,,
design a loyalty program for my coffee shop,,
draft a standard operating procedure for onboarding new employees,,
create a monthly budget template for a small agency,,
write a pitch deck outline for an ai healthcare startup,,
generate a list of seo keywords for a local plumbing business,,
draft a refund policy for my online clothing boutique,,
create a competitive analysis matrix for ride-sharing apps,,
write an sql query to find the top 5 customers by revenue,,
create a pandas script to clean this messy csv file,,
explain how a transformer model works to a high schooler,,
write a bash script to backup my documents folder daily,,
optimize this python code for better performance,,
create a regex pattern to extract email addresses from text,,
write a dockerfile for a node.js web application,,
generate dummy data for testing a user database,,
write a step-by-step guide on how to configure an aws s3 bucket,,
translate this java code snippet into python,,
generate a prompt for an ai image generator to create a cyberpunk city,,
write a creative brief for a new logo design,,
suggest a color palette for a health and wellness brand,,
create a storyboard outline for a short animated film,,
draft a script for a radio commercial about car insurance,,
write an engaging instagram caption for a travel photo,,
suggest 5 different layout options for a magazine cover,,
create a brand voice guideline document for a gen z clothing line,,
draft a concept for an interactive billboard ad,,
write a character description for a sci-fi novel protagonist,,
create a 10-question multiple choice quiz on world war 2,,
write a syllabus for an introductory course on machine learning,,
explain quantum computing using a simple analogy,,
generate a list of study flashcards for human anatomy,,
write a lesson plan on fractions for 4th graders,,
summarize the main themes of the great gatsby,,
create a weekly study schedule for the sats,,
write a grading rubric for a high school history essay,,
explain the difference between mitosis and meiosis,,
translate these 20 common conversational phrases into spanish,,
plan a 7-day vegetarian meal prep menu,,
write a polite decline response to a wedding invitation,,
create a daily routine for a remote software developer,,
draft an email asking my boss for a deadline extension,,
generate a packing list for a weekend camping trip,,
write a complaint letter to an airline about lost luggage,,
plan a birthday party itinerary for a 10-year-old,,
create a checklist for moving into a new apartment,,
draft a resume summary for a recent college graduate,,
write a motivational speech for a high school sports team,,
build a chatbot for my customer service portal,,
write a unit test for this authentication function,,
create a kubernetes deployment manifest for my app,,
design a scalable architecture for a video streaming platform,,
write a script to automate my daily data entry tasks,,
generate a json payload for a mock api response,,
write a terraform script to provision a virtual machine,,
debug this c++ code that throws a segmentation fault,,
create a tutorial on how to use git version control,,
write a regular expression to validate strong passwords,,
draft a partnership proposal for a local charity event,,
create a risk management plan for a construction project,,
write a script for a cold calling sales campaign,,
generate an agenda for a quarterly board meeting,,
write an employee performance review template,,
create a crisis communication plan for a data breach,,
draft a user manual for a smart home thermostat,,
write a case study on a successful marketing campaign,,
generate a list of interview questions for a product manager,,
design an onboarding sequence for new app users,,
write a macro to format this excel spreadsheet,,
create a travel guide for a 3-day trip to tokyo,,
draft an apology email to a client for a missed meeting,,
generate a workout plan for a beginner trying to build muscle,,
write a script to scrape product prices from amazon,,
create a timeline for planning a corporate conference,,
draft a non-disclosure agreement for freelance contractors,,
write a how-to guide on changing a car tire,,
generate a list of troubleshooting steps for a slow computer,,
build an automated email sequence for abandoned shopping carts,,
